INSERT INTO Incident (id, name, description, solution, create_date) VALUES (1,'INC1107398','Client is trying to give admin access to his employee with access only to change hours and deductions and submit payroll','The initial screen shots from the field shows the amounts.  We set up a role for a user in production that matched the same privileges as the role in the original pdf.  In the screen shots I sent you, the rates, shift, etc. that is secured by Pay Rates and Salary Amounts component, Earnings/Deduction Calculation component, and Payroll Overrides show that the values are masked correctly.    If all users assigned to Scott''s Role are having the same issue, then perhaps create a new custom role and see if they are still having the same problem.','2019-10-22 11:11:19.585759');
INSERT INTO Incident (id, name, description, solution, create_date) VALUES (2,'INC1116948','Employee receives attached critical error when trying to migrate to flex','Regarding user jcav1987 DEV asked that we purge that BOL user again. They would like the user to follow the account registration into Flex utilizing the instructions given in AskIT #161010110821649. Also have them use a slightly different username from the last one.','2019-10-22 11:11:19.585759');
INSERT INTO Incident (id, name, description, solution, create_date) VALUES (3,'INC1113942','Employees unable to view or download reports when in Flex, because PRS cannot get Online Packages to populate for the accounts','Mark Mraz: I have updated the EE_VISIBLE flag on most of the check stubs for the two clients for the dates requested. A few of the check stubs had been voided. I did not make those visible.','2019-10-22 11:11:19.585759');
INSERT INTO Incident (id, name, description, solution, create_date) VALUES (4,'INC1113599','MetricAlertCustom: BSM9: Unique ID ProcRunner Failure: /EnterpriseService/ScheduledEnterpriseMessage/00471R9MIVTSPMIZIHXR/A8012837','This Incident has been resolved based on the resolution of an associated Parent Incident, INC1062743. Service is expected to be restored.','2019-10-22 11:11:19.585759');
INSERT INTO Incident (id, name, description, solution, create_date) VALUES (5,'INC1111372','Benefits admin the only benefits option available to admin when logging into their personal account','In BeneTrac the EE user is not provisioned for access (only the admin is). Please re-provision the EE user account. This will send the partnerguid over to BeneTrac to complete the linking. Also, please have the user ensure her bday on the flex employee record is correct. In CA it was entered as 1989-04-04.','2019-10-22 11:11:19.585759');
INSERT INTO Incident (id, name, description, solution, create_date) VALUES (6,'INC1113621','Problem with access to Payroll','All client applications updated.','2019-10-22 11:11:19.585759');
INSERT INTO Incident (id, name, description, solution, create_date) VALUES (7,'INC1117157','MetricAlertCustom: BSM9 Alert IA outgoing queue threshold breach for ENT_Adapter4::ENT_ADP4 with a wait time of 17 min','Related APR0035023 to this incident','2019-10-22 11:11:19.585759');
INSERT INTO Incident (id, name, description, solution, create_date) VALUES (8,'INC1114675','This is a c2c client. When trying to link the enterprise relationship using this client ID which is the alias of the shell, the tool does not show the other child of 12071536',null,'2019-10-22 11:11:19.585759');
INSERT INTO Incident (id, name, description, solution, create_date) VALUES (9,'INC1115176','The auto dialer is down HRIS','Assign to ES - PC SUPPORT SERVICE','2019-10-22 11:11:19.585759');
INSERT INTO Incident (id, name, description, solution, create_date) VALUES (10,'INC2130441','Users not auto-provisioned','Re-align User to different Person','2019-10-22 11:48:23.555759');
INSERT INTO Incident (id, name, description, solution, create_date) VALUES (11,'INC2152486','Users not auto-provisioned; Relo Solutions','Re-align User to different Person','2019-10-22 11:49:47.779759');
INSERT INTO Incident (id, name, description, solution, create_date) VALUES (12,'INC2160420','UN is showing other information','Re-align User to different Person','2019-10-22 11:52:18.564759');
INSERT INTO Incident (id, name, description, solution, create_date) VALUES (13,'INC2129204','Users not auto-provisioned','Manually auto-provision Users','2019-10-22 11:53:48.567759');
INSERT INTO Incident (id, name, description, solution, create_date) VALUES (14,'INC2124044','Users not auto-provisioned','Manually auto-provision users','2019-10-22 11:55:14.225759');
INSERT INTO Incident (id, name, description, solution, create_date) VALUES (15,'INC2118584','Users not auto-provisioned','Manually auto-provision users','2019-10-22 11:56:18.316759');


INSERT INTO Keyword (id, name, create_date) VALUES (1,'Revoke(d)','2019-10-22 11:19:24.953759');
INSERT INTO Keyword (id, name, create_date) VALUES (2,'Add user/worker','2019-10-22 11:19:24.953759');
INSERT INTO Keyword (id, name, create_date) VALUES (3,'Advisor Council Screens','2019-10-22 11:19:24.953759');
INSERT INTO Keyword (id, name, create_date) VALUES (4,'Annual Reports','2019-10-22 11:19:24.953759');
INSERT INTO Keyword (id, name, create_date) VALUES (5,'AR hold','2019-10-22 11:19:24.953759');
INSERT INTO Keyword (id, name, create_date) VALUES (6,'Autodialer','2019-10-22 11:19:24.953759');
INSERT INTO Keyword (id, name, create_date) VALUES (7,'BIS ID','2019-10-22 11:19:24.953759');
INSERT INTO Keyword (id, name, create_date) VALUES (8,'BKR','2019-10-22 11:19:24.953759');
INSERT INTO Keyword (id, name, create_date) VALUES (9,'Benefits Online (BOL)','2019-10-22 11:19:24.953759');
INSERT INTO Keyword (id, name, create_date) VALUES (10,'Browser','2019-10-22 11:19:24.953759');
INSERT INTO Keyword (id, name, create_date) VALUES (11,'Client to Client (C2C)','2019-10-22 11:19:24.953759');
INSERT INTO Keyword (id, name, create_date) VALUES (12,'Cafua Mgt Corp','2019-10-22 11:19:24.953759');
INSERT INTO Keyword (id, name, create_date) VALUES (13,'Client Application ID (CAID)','2019-10-22 11:19:24.953759');
INSERT INTO Keyword (id, name, create_date) VALUES (14,'Client Enterprise ID (CEID)','2019-10-22 11:19:24.953759');
INSERT INTO Keyword (id, name, create_date) VALUES (15,'Check','2019-10-22 11:19:24.953759');
INSERT INTO Keyword (id, name, create_date) VALUES (16,'CPA','2019-10-22 11:19:24.953759');
INSERT INTO Keyword (id, name, create_date) VALUES (17,'Custom Report','2019-10-22 11:19:24.953759');
INSERT INTO Keyword (id, name, create_date) VALUES (18,'Customize','2019-10-22 11:19:24.953759');
INSERT INTO Keyword (id, name, create_date) VALUES (19,'Download','2019-10-22 11:19:24.953759');
INSERT INTO Keyword (id, name, create_date) VALUES (20,'Employee Access Online','2019-10-22 11:19:24.953759');
INSERT INTO Keyword (id, name, create_date) VALUES (21,'END DATE','2019-10-22 11:19:24.953759');
INSERT INTO Keyword (id, name, create_date) VALUES (22,'Err100','2019-10-22 11:19:24.953759');
INSERT INTO Keyword (id, name, create_date) VALUES (23,'Financial Advisor','2019-10-22 11:19:24.953759');
INSERT INTO Keyword (id, name, create_date) VALUES (24,'Freeze','2019-10-22 11:19:24.953759');
INSERT INTO Keyword (id, name, create_date) VALUES (25,'Hiring','2019-10-22 11:19:24.953759');
INSERT INTO Keyword (id, name, create_date) VALUES (26,'HR','2019-10-22 11:19:24.953759');
INSERT INTO Keyword (id, name, create_date) VALUES (27,'HRIS','2019-10-22 11:19:24.953759');
INSERT INTO Keyword (id, name, create_date) VALUES (28,'HRO toggle','2019-10-22 11:19:24.953759');
INSERT INTO Keyword (id, name, create_date) VALUES (29,'Link/Linked/Linking','2019-10-22 11:19:24.953759');
INSERT INTO Keyword (id, name, create_date) VALUES (30,'MetricAlertCustom','2019-10-22 11:19:24.953759');
INSERT INTO Keyword (id, name, create_date) VALUES (31,'Migrate / Migration','2019-10-22 11:19:24.953759');
INSERT INTO Keyword (id, name, create_date) VALUES (32,'Report','2019-10-22 11:19:24.953759');
INSERT INTO Keyword (id, name, create_date) VALUES (33,'MyStaffingPro (MSP)','2019-10-22 11:19:24.953759');
INSERT INTO Keyword (id, name, create_date) VALUES (35,'Not showing','2019-10-22 11:19:24.953759');
INSERT INTO Keyword (id, name, create_date) VALUES (36,'Online packages','2019-10-22 11:19:24.953759');
INSERT INTO Keyword (id, name, create_date) VALUES (37,'OPS217','2019-10-22 11:19:24.953759');
INSERT INTO Keyword (id, name, create_date) VALUES (38,'Parent to Child','2019-10-22 11:19:24.953759');
INSERT INTO Keyword (id, name, create_date) VALUES (39,'Pay','2019-10-22 11:19:24.953759');
INSERT INTO Keyword (id, name, create_date) VALUES (40,'Payroll','2019-10-22 11:19:24.953759');
INSERT INTO Keyword (id, name, create_date) VALUES (41,'PRS','2019-10-22 11:19:24.953759');
INSERT INTO Keyword (id, name, create_date) VALUES (42,'Relationships','2019-10-22 11:19:24.953759');
INSERT INTO Keyword (id, name, create_date) VALUES (43,'Report Center','2019-10-22 11:19:24.953759');
INSERT INTO Keyword (id, name, create_date) VALUES (46,'Stubs','2019-10-22 11:19:24.953759');
INSERT INTO Keyword (id, name, create_date) VALUES (47,'Time and Attendance (TLO/STM)','2019-10-22 11:19:24.953759');
INSERT INTO Keyword (id, name, create_date) VALUES (48,'Terminated','2019-10-22 11:19:24.953759');
INSERT INTO Keyword (id, name, create_date) VALUES (49,'Time Off widget','2019-10-22 11:19:24.953759');
INSERT INTO Keyword (id, name, create_date) VALUES (50,'Unexpected Error','2019-10-22 11:19:24.953759');
INSERT INTO Keyword (id, name, create_date) VALUES (51,'Unlinking','2019-10-22 11:19:24.953759');
INSERT INTO Keyword (id, name, create_date) VALUES (52,'Vendors','2019-10-22 11:19:24.953759');
INSERT INTO Keyword (id, name, create_date) VALUES (53,'W2','2019-10-22 11:19:24.953759');
INSERT INTO Keyword (id, name, create_date) VALUES (54,'Web Access','2019-10-22 11:19:24.953759');
INSERT INTO Keyword (id, name, create_date) VALUES (55,'WebOrs','2019-10-22 11:19:24.953759');
INSERT INTO Keyword (id, name, create_date) VALUES (56,'Invalid state','2019-10-22 11:19:24.953759');
INSERT INTO Keyword (id, name, create_date) VALUES (57,'Masking','2019-10-22 11:19:24.953759');
INSERT INTO Keyword (id, name, create_date) VALUES (58,'Critical error','2019-10-22 11:19:24.953759');
INSERT INTO Keyword (id, name, create_date) VALUES (59,'View','2019-10-22 11:19:24.953759');
INSERT INTO Keyword (id, name, create_date) VALUES (60,'Benefits','2019-10-22 11:19:24.953759');
INSERT INTO Keyword (id, name, create_date) VALUES (61,'Access','2019-10-22 11:20:31.670759');
INSERT INTO Keyword (id, name, create_date) VALUES (62,'LMS','2019-10-22 11:21:43.257759');
INSERT INTO Keyword (id, name, create_date) VALUES (63,'Duplicate Persons','2019-10-22 11:26:03.137759');
INSERT INTO Keyword (id, name, create_date) VALUES (64,'LOAPI process error','2019-10-22 11:27:53.149759');


INSERT INTO Incident_Keyword (incident_id, keyword_id) VALUES (9,6);
INSERT INTO Incident_Keyword (incident_id, keyword_id) VALUES (1,57);
INSERT INTO Incident_Keyword (incident_id, keyword_id) VALUES (2,31);
INSERT INTO Incident_Keyword (incident_id, keyword_id) VALUES (2,58);
INSERT INTO Incident_Keyword (incident_id, keyword_id) VALUES (3,19);
INSERT INTO Incident_Keyword (incident_id, keyword_id) VALUES (3,59);
INSERT INTO Incident_Keyword (incident_id, keyword_id) VALUES (3,36);
INSERT INTO Incident_Keyword (incident_id, keyword_id) VALUES (4,30);
INSERT INTO Incident_Keyword (incident_id, keyword_id) VALUES (5,60);
INSERT INTO Incident_Keyword (incident_id, keyword_id) VALUES (6,40);
INSERT INTO Incident_Keyword (incident_id, keyword_id) VALUES (6,61);
INSERT INTO Incident_Keyword (incident_id, keyword_id) VALUES (7,30);
INSERT INTO Incident_Keyword (incident_id, keyword_id) VALUES (8,11);
INSERT INTO Incident_Keyword (incident_id, keyword_id) VALUES (8,29);
INSERT INTO Incident_Keyword (incident_id, keyword_id) VALUES (10,62);
INSERT INTO Incident_Keyword (incident_id, keyword_id) VALUES (10,63);
INSERT INTO Incident_Keyword (incident_id, keyword_id) VALUES (11,63);
INSERT INTO Incident_Keyword (incident_id, keyword_id) VALUES (11,62);
INSERT INTO Incident_Keyword (incident_id, keyword_id) VALUES (12,63);
INSERT INTO Incident_Keyword (incident_id, keyword_id) VALUES (13,62);
INSERT INTO Incident_Keyword (incident_id, keyword_id) VALUES (13,64);
INSERT INTO Incident_Keyword (incident_id, keyword_id) VALUES (14,62);
INSERT INTO Incident_Keyword (incident_id, keyword_id) VALUES (14,64);
INSERT INTO Incident_Keyword (incident_id, keyword_id) VALUES (15,64);
INSERT INTO Incident_Keyword (incident_id, keyword_id) VALUES (15,62);


SELECT setval('hibernate_sequence', (64));